Date,Volume,Open,High,Low,Close,Adj Close
19-07-18,25534000,59.55,60.00,59.17,59.35,59.35
20-07-18,24948000,59.35,59.84,59.21,59.25,59.25
23-07-18,52384000,59.05,60.32,59.05,60.28,60.28
24-07-18,66364000,63.13,63.30,61.78,62.40,62.40
25-07-18,42556000,61.96,63.29,61.96,63.19,63.19
26-07-18,48112000,62.55,63.49,62.45,63.42,63.42
27-07-18,42612000,63.55,63.69,61.55,61.92,61.92
30-07-18,36998000,61.40,61.75,60.57,60.99,60.99
31-07-18,32894000,61.00,61.38,60.28,60.86,60.86
01-08-18,31344000,61.40,61.67,60.51,61.00,61.00
02-08-18,30626000,60.29,61.49,60.24,61.31,61.31
03-08-18,21792000,61.48,61.50,60.75,61.19,61.19
06-08-18,21634000,61.25,61.30,60.79,61.24,61.24
07-08-18,29880000,61.85,62.56,61.81,62.11,62.11
08-08-18,27406000,62.02,62.83,61.90,62.28,62.28
09-08-18,16972000,62.49,62.78,62.30,62.46,62.46
10-08-18,22174000,62.15,62.28,61.60,61.88,61.88
13-08-18,19946000,61.85,62.46,61.68,61.75,61.75
14-08-18,26962000,61.76,62.29,61.26,62.11,62.11
15-08-18,36576000,61.46,61.76,60.48,60.72,60.72
16-08-18,26864000,61.24,61.30,60.13,60.32,60.32
17-08-18,27792000,60.10,60.45,59.41,60.05,60.05
20-08-18,17416000,60.25,60.55,59.73,60.39,60.39
21-08-18,24112000,60.40,60.86,60.02,60.08,60.08
22-08-18,17748000,60.00,60.59,59.95,60.37,60.37
23-08-18,19852000,60.36,61.06,60.21,60.27,60.27
24-08-18,18932000,60.44,61.08,60.32,61.03,61.03
27-08-18,23126000,61.38,62.15,61.29,62.09,62.09
28-08-18,26080000,62.06,62.13,61.43,61.56,61.56
29-08-18,25978000,61.87,62.53,61.82,62.47,62.47
30-08-18,26628000,62.21,62.68,61.63,61.96,61.96
31-08-18,36328000,61.75,61.93,60.56,60.91,60.91
04-09-18,36620000,60.21,60.65,59.63,59.85,59.85
05-09-18,41226000,59.69,59.95,58.10,59.32,59.32
06-09-18,37770000,59.31,59.31,57.60,58.57,58.57
07-09-18,28026000,57.93,58.76,57.86,58.24,58.24
10-09-18,22308000,58.61,58.73,58.01,58.23,58.23
11-09-18,24186000,58.08,58.93,57.81,58.87,58.87
12-09-18,25910000,58.64,58.93,57.92,58.14,58.14
13-09-18,28624000,58.54,58.93,58.14,58.77,58.77
14-09-18,18880000,58.96,59.02,58.42,58.63,58.63
17-09-18,26130000,58.51,58.86,57.70,57.80,57.80
18-09-18,24072000,57.85,58.80,57.85,58.06,58.06
19-09-18,23828000,58.25,58.66,57.73,58.55,58.55
20-09-18,24508000,59.00,59.49,58.67,59.34,59.34
21-09-18,88112000,59.60,59.61,58.30,58.30,58.30
24-09-18,25420000,57.86,58.90,57.35,58.67,58.67
25-09-18,19554000,58.81,59.34,58.40,59.23,59.23
26-09-18,29246000,59.26,59.71,58.74,59.02,59.02
27-09-18,25216000,59.34,60.11,59.18,59.73,59.73
28-09-18,27612000,59.59,59.77,59.22,59.67,59.67
01-10-18,27152000,59.99,60.49,59.51,59.77,59.77
02-10-18,33758000,59.55,60.50,59.33,60.01,60.01
03-10-18,25124000,60.25,60.32,59.69,60.15,60.15
04-10-18,44190000,59.77,59.88,57.78,58.41,58.41
05-10-18,23686000,58.38,58.67,57.26,57.87,57.87
08-10-18,38648000,57.51,58.40,56.37,57.45,57.45
09-10-18,26174000,57.31,57.72,56.88,56.94,56.94
10-10-18,53514000,56.55,56.61,54.06,54.06,54.06
11-10-18,58980000,53.65,55.32,53.41,53.97,53.97
12-10-18,42026000,55.40,55.75,54.32,55.50,55.50
15-10-18,27448000,55.45,55.67,54.45,54.61,54.61
16-10-18,38570000,55.23,56.21,55.13,56.06,56.06
17-10-18,29344000,56.32,56.45,55.11,55.78,55.78
18-10-18,41890000,56.09,56.09,53.85,54.40,54.40
19-10-18,25352000,54.67,55.52,54.39,54.82,54.82
22-10-18,30284000,55.15,55.61,54.55,55.06,55.06
23-10-18,36974000,54.04,55.39,53.50,55.18,55.18
24-10-18,39648000,55.21,55.31,52.44,52.54,52.54
25-10-18,50916000,53.59,55.55,53.48,54.78,54.78
26-10-18,83752000,51.85,55.33,51.70,53.57,53.57
29-10-18,77614000,54.12,54.85,49.79,51.00,51.00
30-10-18,64254000,50.42,51.87,50.04,51.81,51.81
31-10-18,50596000,52.99,54.60,52.85,53.84,53.84
01-11-18,29640000,53.79,54.20,53.12,53.50,53.50
02-11-18,36780000,53.69,54.15,52.73,52.89,52.89
05-11-18,48828000,52.75,52.92,51.06,52.00,52.00
06-11-18,24666000,51.97,53.22,51.90,52.79,52.79
07-11-18,41168000,53.45,54.77,53.29,54.67,54.67
08-11-18,29764000,54.57,54.66,53.61,54.12,54.12
09-11-18,26864000,53.70,53.78,52.66,53.31,53.31
12-11-18,29436000,53.07,53.11,51.55,51.93,51.93
13-11-18,30274000,52.16,52.83,51.56,51.80,51.80
14-11-18,31318000,52.50,52.73,51.55,52.18,52.18
15-11-18,36722000,52.24,53.59,51.59,53.24,53.24
16-11-18,33162000,52.97,53.35,52.45,53.07,53.07
19-11-18,37172000,52.86,53.04,50.81,51.00,51.00
20-11-18,48982000,50.00,51.59,49.80,51.29,51.29
21-11-18,30686000,51.84,52.43,51.67,51.88,51.88
23-11-18,13830000,51.50,51.88,51.12,51.19,51.19
26-11-18,38856000,51.92,52.47,51.70,52.43,52.43
27-11-18,36064000,52.05,52.88,51.92,52.22,52.22
28-11-18,49508000,52.44,54.34,51.79,54.31,54.31
29-11-18,29378000,53.80,54.71,53.80,54.42,54.42
30-11-18,51604000,54.45,54.78,53.89,54.72,54.72
03-12-18,39824000,56.16,56.23,55.18,55.32,55.32
04-12-18,46904000,55.16,55.22,52.50,52.54,52.54
06-12-18,55384000,51.71,53.56,51.54,53.44,53.44
07-12-18,42024000,53.00,53.76,51.42,51.83,51.83
10-12-18,36154000,51.75,52.42,51.16,51.98,51.98
11-12-18,27894000,52.82,53.03,51.99,52.59,52.59
12-12-18,30476000,53.40,54.08,53.14,53.18,53.18
13-12-18,26596000,53.40,53.99,52.70,53.10,53.10
14-12-18,33732000,52.50,53.13,52.04,52.11,52.11
17-12-18,47708000,51.88,52.66,50.40,50.83,50.83
18-12-18,43850000,51.30,52.47,51.07,51.44,51.44
19-12-18,49586000,51.70,53.10,50.40,51.15,51.15
20-12-18,53470000,50.91,51.71,49.82,50.47,50.47
21-12-18,91920000,50.76,51.20,48.68,48.98,48.98
24-12-18,31806000,48.70,50.18,48.51,48.81,48.81
26-12-18,47466000,49.45,52.00,49.15,51.97,51.97
27-12-18,42196000,50.86,52.19,49.85,52.19,52.19
28-12-18,28296000,52.48,52.78,51.65,51.85,51.85
31-12-18,29866000,52.55,52.63,51.18,51.78,51.78
02-01-19,30652000,50.83,52.62,50.79,52.29,52.29
03-01-19,36822000,52.05,52.85,50.70,50.80,50.80
04-01-19,41878000,51.63,53.54,51.37,53.54,53.54
07-01-19,39638000,53.58,53.70,52.74,53.42,53.42
08-01-19,35298000,53.81,54.23,53.03,53.81,53.81
09-01-19,23986000,54.08,54.13,53.32,53.73,53.73
10-01-19,29128000,53.38,53.56,52.89,53.52,53.52
11-01-19,30416000,53.16,53.19,52.42,52.86,52.86
14-01-19,22886000,52.35,52.58,52.06,52.23,52.23
15-01-19,29272000,52.51,54.00,52.37,53.86,53.86
16-01-19,26636000,54.00,54.62,53.97,54.05,54.05
17-01-19,24854000,53.97,54.59,53.67,54.49,54.49
18-01-19,39112000,55.00,55.42,54.54,54.91,54.91
22-01-19,32270000,54.40,54.58,53.17,53.53,53.53
23-01-19,19340000,53.87,54.25,52.99,53.78,53.78
24-01-19,27226000,53.82,53.97,53.04,53.70,53.70
25-01-19,22382000,54.25,54.70,54.09,54.55,54.55
28-01-19,25686000,54.01,54.15,53.19,53.50,53.50
29-01-19,20436000,53.63,53.76,52.79,53.03,53.03
30-01-19,25596000,53.42,54.55,53.34,54.45,54.45
31-01-19,30766000,55.15,55.87,54.77,55.82,55.82
01-02-19,29244000,55.62,56.25,55.24,55.54,55.54
04-02-19,51530000,55.63,56.64,55.45,56.64,56.64
05-02-19,71044000,56.24,57.34,55.86,57.30,57.30
06-02-19,42112000,56.98,57.35,55.64,55.76,55.76
07-02-19,40896000,55.21,55.24,54.30,54.94,54.94
08-02-19,21516000,54.35,54.95,54.33,54.75,54.75
11-02-19,21304000,54.85,55.30,54.64,54.75,54.75
12-02-19,32182000,55.34,56.26,55.29,56.07,56.07
13-02-19,20996000,56.25,56.74,55.92,56.01,56.01
14-02-19,18952000,55.90,56.41,55.52,56.08,56.08
15-02-19,28996000,56.50,56.58,55.53,55.68,55.68
19-02-19,20928000,55.50,56.09,55.50,55.93,55.93
20-02-19,21756000,56.00,56.17,55.26,55.69,55.69
21-02-19,28302000,55.54,55.60,54.63,54.85,54.85
22-02-19,20990000,55.04,55.56,54.78,55.52,55.52
25-02-19,28262000,55.80,55.93,55.36,55.47,55.47
26-02-19,29426000,55.29,55.98,55.00,55.76,55.76
27-02-19,19368000,55.35,55.90,55.05,55.80,55.80
28-02-19,30850000,55.56,56.38,55.55,56.00,56.00
01-03-19,29006000,56.24,57.15,56.24,57.05,57.05
04-03-19,28920000,57.35,57.91,56.53,57.39,57.39
05-03-19,28864000,57.50,58.48,57.31,58.10,58.10
06-03-19,21986000,58.12,58.38,57.77,57.89,57.89
07-03-19,23332000,57.79,57.84,56.75,57.17,57.17
08-03-19,24248000,56.34,57.35,56.17,57.12,57.12
11-03-19,34384000,57.22,58.81,57.22,58.79,58.79
12-03-19,40262000,58.91,60.00,58.91,59.66,59.66
13-03-19,28718000,60.03,60.05,59.60,59.67,59.67
14-03-19,23456000,59.73,59.89,59.22,59.28,59.28
15-03-19,49236000,59.67,59.83,59.13,59.22,59.22
18-03-19,25852000,59.17,59.50,58.87,59.21,59.21
19-03-19,30414000,59.44,60.00,59.29,59.94,59.94
20-03-19,44548000,59.87,61.36,59.81,61.20,61.20
21-03-19,24080000,60.80,61.59,60.66,61.58,61.58
22-03-19,34284000,61.32,61.50,60.14,60.28,60.28
25-03-19,29936000,59.85,60.32,59.35,59.65,59.65
26-03-19,38024000,59.93,60.14,58.84,59.23,59.23
27-03-19,28004000,59.28,59.38,57.97,58.65,58.65
28-03-19,19234000,58.58,58.58,57.97,58.42,58.42
29-03-19,25398000,58.74,58.95,58.14,58.67,58.67
01-04-19,25050000,59.21,59.83,59.10,59.72,59.72
02-04-19,16558000,59.77,60.07,59.29,60.02,60.02
03-04-19,20286000,60.37,60.81,60.03,60.30,60.30
04-04-19,19000000,60.30,60.78,60.21,60.75,60.75
05-04-19,18144000,60.75,60.81,60.25,60.36,60.36
08-04-19,17204000,60.39,60.43,59.99,60.19,60.19
09-04-19,17528000,59.80,60.11,59.65,59.86,59.86
10-04-19,14492000,60.03,60.19,59.82,60.11,60.11
11-04-19,14204000,60.20,60.40,60.01,60.23,60.23
12-04-19,18668000,60.50,60.92,60.41,60.89,60.89
15-04-19,23748000,60.90,61.21,60.46,61.06,61.06
16-04-19,17126000,61.25,61.54,61.01,61.36,61.36
17-04-19,24438000,61.65,62.03,61.39,61.82,61.82
18-04-19,26636000,61.96,62.10,61.73,61.82,61.82
22-04-19,16146000,61.80,62.45,61.42,62.44,62.44
23-04-19,26398000,62.53,63.45,62.32,63.23,63.23
24-04-19,20376000,63.21,63.40,62.75,62.80,62.80
25-04-19,22146000,63.24,63.37,62.60,63.17,63.17
26-04-19,24828000,63.45,63.65,63.02,63.61,63.61
29-04-19,49988000,63.70,64.46,63.31,64.38,64.38
30-04-19,124140000,59.25,59.64,58.75,59.42,59.42
01-05-19,52784000,59.40,59.40,58.36,58.40,58.40
02-05-19,38896000,58.39,58.71,57.75,58.13,58.13
03-05-19,39614000,58.68,59.34,58.45,59.27,59.27
06-05-19,31278000,58.31,59.54,58.31,59.47,59.47
07-05-19,31028000,59.02,59.52,58.05,58.71,58.71
08-05-19,26186000,58.60,59.02,58.29,58.31,58.31
09-05-19,23714000,57.95,58.48,57.54,58.12,58.12
10-05-19,26290000,58.18,58.63,57.13,58.21,58.21
13-05-19,37212000,57.10,57.40,56.11,56.60,56.60
14-05-19,36732000,56.86,57.02,55.98,56.02,56.02
15-05-19,45786000,55.89,58.57,55.83,58.21,58.21
16-05-19,30628000,58.23,59.41,58.14,58.95,58.95
17-05-19,24172000,58.42,59.01,58.00,58.12,58.12
20-05-19,27066000,57.22,57.34,56.57,56.94,56.94
21-05-19,23196000,57.42,57.64,56.90,57.48,57.48
22-05-19,18290000,57.34,57.93,57.29,57.57,57.57
23-05-19,23978000,57.03,57.30,56.46,57.04,57.04
24-05-19,22240000,57.37,57.49,56.58,56.67,56.67
28-05-19,27300000,56.70,57.58,56.66,56.71,56.71
29-05-19,30764000,56.38,56.46,55.41,55.82,55.82
30-05-19,19038000,55.78,56.16,55.61,55.90,55.90
31-05-19,30156000,55.06,55.48,55.01,55.18,55.18
03-06-19,102612000,53.28,53.28,51.25,51.81,51.81
04-06-19,56670000,52.15,52.80,51.68,52.65,52.65
05-06-19,43368000,52.58,52.68,51.52,52.11,52.11
06-06-19,34064000,52.25,52.37,51.69,52.22,52.22
07-06-19,36048000,52.53,53.55,52.42,53.30,53.30
10-06-19,29284000,53.65,54.63,53.62,54.02,54.02
11-06-19,28734000,54.70,55.10,53.88,53.94,53.94
12-06-19,21220000,53.90,54.05,53.38,53.85,53.85
13-06-19,21154000,54.18,54.71,54.01,54.44,54.44
14-06-19,22230000,54.32,54.63,54.01,54.27,54.27
17-06-19,18832000,54.31,54.96,54.31,54.63,54.63
18-06-19,27734000,55.48,55.82,54.95,55.18,55.18
19-06-19,26776000,55.28,55.35,54.67,55.12,55.12
20-06-19,25240000,56.00,56.01,55.24,55.57,55.57
21-06-19,38952000,55.46,56.21,55.40,56.09,56.09
24-06-19,27912000,55.98,56.10,55.55,55.78,55.78
25-06-19,30938000,55.63,55.72,54.19,54.32,54.32
26-06-19,36218000,54.33,54.65,53.61,53.99,53.99
27-06-19,20086000,54.20,54.36,53.76,53.80,53.80
28-06-19,33864000,53.82,54.05,53.67,54.05,54.05
01-07-19,28726000,54.90,55.38,54.69,54.90,54.90
02-07-19,19832000,55.11,55.59,54.91,55.56,55.56
03-07-19,15340000,55.87,56.34,55.69,56.08,56.08
05-07-19,25286000,55.89,56.64,55.81,56.58,56.58
08-07-19,24728000,56.26,56.30,55.56,55.82,55.82
09-07-19,26608000,55.59,56.40,55.36,56.24,56.24
10-07-19,24190000,56.56,57.10,56.55,57.02,57.02
11-07-19,23910000,57.16,57.65,56.98,57.21,57.21
12-07-19,17280000,57.20,57.37,56.94,57.24,57.24
15-07-19,18076000,57.34,57.54,56.97,57.52,57.52
16-07-19,24776000,57.30,57.93,57.25,57.68,57.68
17-07-19,23400000,57.55,57.92,57.29,57.32,57.32
18-07-19,25814000,57.09,57.38,56.64,57.32,57.32
19-07-19,32944000,57.41,57.56,56.48,56.51,56.51
22-07-19,26030000,56.67,56.96,56.21,56.90,56.90
23-07-19,21874000,57.20,57.35,56.59,57.31,57.31
24-07-19,31796000,56.60,57.20,56.35,56.89,56.89
25-07-19,44196000,56.89,57.08,56.05,56.61,56.61
26-07-19,96116000,61.20,63.28,61.20,62.52,62.52
29-07-19,44474000,62.05,62.37,61.41,61.97,61.97
30-07-19,29066000,61.27,61.74,61.17,61.26,61.26
31-07-19,34510000,61.15,61.70,60.39,60.83,60.83
01-08-19,33970000,60.70,61.71,60.29,60.45,60.45
02-08-19,32902000,60.04,60.35,59.45,59.70,59.70
05-08-19,51950000,58.50,58.76,57.01,57.62,57.62
06-08-19,34188000,58.17,59.00,58.00,58.50,58.50
07-08-19,28886000,57.80,58.92,57.48,58.70,58.70
08-08-19,29360000,59.14,60.25,58.65,60.24,60.24
09-08-19,21314000,59.90,60.19,59.18,59.40,59.40
12-08-19,20060000,58.96,59.25,58.38,58.74,58.74
13-08-19,25888000,58.57,60.24,58.57,59.86,59.86
14-08-19,31574000,58.82,59.12,58.03,58.21,58.21
15-08-19,24374000,58.17,58.79,58.11,58.36,58.36
16-08-19,26266000,58.98,59.14,58.59,58.88,58.88
19-08-19,24632000,59.50,60.35,59.50,59.92,59.92
20-08-19,18310000,59.76,59.80,59.11,59.13,59.13
21-08-19,14814000,59.66,59.95,59.37,59.56,59.56
22-08-19,18950000,59.70,59.90,58.93,59.48,59.48
23-08-19,33740000,59.10,59.70,57.39,57.56,57.56
26-08-19,24522000,57.86,58.47,57.65,58.44,58.44
27-08-19,21544000,59.03,59.12,58.07,58.39,58.39
28-08-19,16040000,58.09,58.82,57.87,58.55,58.55
29-08-19,21768000,59.06,59.80,59.06,59.64,59.64
30-08-19,22596000,59.92,59.92,59.19,59.40,59.40
03-09-19,29598000,58.85,59.34,58.16,58.42,58.42
04-09-19,21378000,58.84,59.17,58.55,59.07,59.07
05-09-19,28162000,59.58,60.65,59.58,60.57,60.57
06-09-19,21442000,60.41,60.60,60.13,60.25,60.25
09-09-19,29438000,60.20,61.00,59.63,60.22,60.22
10-09-19,25202000,59.76,60.50,59.73,60.30,60.30
11-09-19,26140000,60.17,61.13,60.11,61.01,61.01
12-09-19,34518000,61.22,62.09,61.15,61.71,61.71
13-09-19,26028000,61.57,62.04,61.35,61.98,61.98
16-09-19,21066000,61.48,61.98,61.28,61.56,61.56
17-09-19,19102000,61.52,61.75,61.18,61.46,61.46
18-09-19,22702000,61.38,61.78,60.83,61.62,61.62
19-09-19,19920000,61.60,62.22,61.60,61.94,61.94
20-09-19,45400000,61.66,62.17,61.15,61.50,61.50
23-09-19,21248000,61.30,61.95,61.21,61.70,61.70
24-09-19,31664000,62.00,62.34,60.53,60.94,60.94
25-09-19,29060000,60.79,62.42,60.50,62.33,62.33
26-09-19,30760000,62.10,62.25,61.61,62.07,62.07
27-09-19,27078000,62.15,62.20,60.72,61.25,61.25
30-09-19,28082000,61.05,61.30,60.62,60.95,60.95
01-10-19,25470000,60.95,61.56,60.18,60.26,60.26
02-10-19,32302000,59.85,59.85,58.56,58.83,58.83
03-10-19,32424000,59.00,59.45,58.12,59.39,59.39
04-10-19,23248000,59.59,60.57,59.46,60.45,60.45
07-10-19,16858000,60.22,60.91,60.19,60.38,60.38
08-10-19,20786000,59.88,60.30,59.45,59.46,59.46
09-10-19,17354000,59.97,60.42,59.88,60.12,60.12
10-10-19,16932000,59.93,60.75,59.87,60.43,60.43
11-10-19,25454000,61.11,61.42,60.69,60.77,60.77
14-10-19,17350000,60.62,61.32,60.59,60.86,60.86
15-10-19,27634000,61.02,62.37,61.02,62.15,62.15
16-10-19,21892000,62.06,62.74,61.92,62.18,62.18
17-10-19,19048000,62.55,63.17,62.50,62.65,62.65
18-10-19,27056000,62.67,62.94,62.05,62.27,62.27
21-10-19,20544000,62.61,62.73,62.03,62.31,62.31
22-10-19,20476000,62.39,62.53,62.07,62.14,62.14
23-10-19,18230000,62.12,62.99,62.12,62.96,62.96
24-10-19,20562000,63.04,63.20,62.69,63.05,63.05
25-10-19,24262000,62.55,63.48,62.50,63.26,63.26
28-10-19,52264000,63.77,64.97,63.63,64.50,64.50
29-10-19,37728000,63.81,64.08,62.86,63.13,63.13
30-10-19,28178000,62.65,63.47,62.60,63.06,63.06
31-10-19,29114000,63.06,63.38,62.54,63.01,63.01
01-11-19,33402000,63.25,63.73,63.03,63.69,63.69
04-11-19,30020000,63.82,64.71,63.82,64.57,64.57
05-11-19,25654000,64.64,64.95,64.56,64.60,64.60
06-11-19,23060000,64.47,64.69,64.13,64.59,64.59
07-11-19,40600000,64.71,66.19,64.71,65.44,65.44
08-11-19,25028000,65.26,65.90,65.22,65.57,65.57
11-11-19,20238000,65.16,65.32,64.87,64.96,64.96
12-11-19,21718000,65.00,65.50,64.79,64.94,64.94
13-11-19,16534000,64.70,65.21,64.68,64.90,64.90
14-11-19,23870000,64.88,65.85,64.78,65.57,65.57
15-11-19,35652000,65.95,66.74,65.71,66.74,66.74
18-11-19,29748000,66.61,66.78,65.88,66.04,66.04
19-11-19,25384000,66.39,66.39,65.64,65.77,65.77
20-11-19,26172000,65.59,65.75,64.56,65.15,65.15
21-11-19,19910000,65.07,65.63,64.65,65.07,65.07
22-11-19,27714000,65.28,65.44,64.57,64.77,64.77
25-11-19,20724000,64.96,65.57,64.91,65.33,65.33
26-11-19,21394000,65.49,65.74,65.25,65.68,65.68
27-11-19,19912000,65.75,65.92,65.48,65.65,65.65
29-11-19,11740000,65.36,65.51,65.20,65.25,65.25
02-12-19,30218000,65.05,65.29,64.05,64.50,64.50
03-12-19,22876000,63.98,64.92,63.95,64.76,64.76
04-12-19,30750000,65.35,66.29,65.24,66.03,66.03
05-12-19,24254000,66.40,66.47,65.82,66.41,66.41
06-12-19,26296000,66.67,67.20,66.67,67.03,67.03
09-12-19,27086000,66.90,67.97,66.89,67.18,67.18
10-12-19,21882000,67.07,67.50,66.80,67.23,67.23
11-12-19,17008000,67.54,67.56,67.13,67.25,67.25
12-12-19,25620000,67.30,67.79,67.03,67.51,67.51
13-12-19,30992000,67.40,67.65,67.19,67.39,67.39
16-12-19,27946000,67.82,68.23,67.63,68.06,68.06
17-12-19,37080000,68.14,68.25,67.57,67.76,67.76
18-12-19,30452000,67.83,68.02,67.55,67.63,67.63
19-12-19,29398000,67.59,67.90,67.45,67.80,67.80
20-12-19,66300000,68.17,68.18,67.45,67.48,67.48
23-12-19,17662000,67.79,67.99,67.33,67.44,67.44
24-12-19,6950000,67.43,67.51,67.14,67.18,67.18
26-12-19,13350000,67.31,68.07,67.22,68.02,68.02
27-12-19,20768000,68.15,68.23,67.47,67.59,67.59
30-12-19,21018000,67.50,67.65,66.70,66.81,66.81
31-12-19,19236000,66.51,66.90,66.45,66.85,66.85
02-01-20,28132000,67.08,68.41,67.08,68.37,68.37
03-01-20,23728000,67.39,68.63,67.28,68.03,68.03
06-01-20,34646000,67.50,69.82,67.50,69.71,69.71
07-01-20,30054000,69.90,70.15,69.52,69.67,69.67
08-01-20,30560000,69.60,70.58,69.54,70.22,70.22
09-01-20,30018000,71.03,71.37,70.51,70.99,70.99
10-01-20,36414000,71.38,71.75,70.92,71.49,71.49
13-01-20,33046000,71.81,72.03,71.30,71.96,71.96
14-01-20,31178000,71.95,72.09,71.42,71.54,71.54
15-01-20,25654000,71.51,72.07,71.51,71.96,71.96
16-01-20,23474000,72.37,72.60,72.05,72.58,72.58
17-01-20,47924000,73.15,74.06,72.91,74.02,74.02
21-01-20,40734000,73.96,74.59,73.56,74.22,74.22
22-01-20,32216000,74.55,75.16,74.25,74.30,74.30
23-01-20,27024000,74.38,74.78,74.11,74.33,74.33
24-01-20,35692000,74.68,74.77,73.26,73.34,73.34
27-01-20,35104000,71.55,71.90,71.06,71.70,71.70
28-01-20,31548000,72.15,72.80,71.62,72.63,72.63
29-01-20,21554000,72.94,73.27,72.34,72.93,72.93
30-01-20,26788000,72.00,72.86,71.82,72.79,72.79
31-01-20,48344000,73.45,73.51,71.43,71.71,71.71
03-02-20,60736000,73.10,74.50,72.95,74.30,74.30
04-02-20,78660000,72.85,73.47,71.32,72.35,72.35
05-02-20,39724000,73.12,73.19,71.53,72.41,72.41
06-02-20,33588000,72.52,74.10,72.48,73.81,73.81
07-02-20,23446000,73.36,74.29,73.32,73.96,73.96
10-02-20,28398000,73.72,75.47,73.72,75.43,75.43
11-02-20,26892000,75.59,76.48,75.28,75.44,75.44
12-02-20,23352000,75.72,76.03,75.41,75.91,75.91
13-02-20,18590000,75.63,76.36,75.23,75.73,75.73
14-02-20,23956000,75.78,76.04,75.37,76.04,76.04
18-02-20,22414000,75.75,76.58,75.63,75.98,75.98
19-02-20,18986000,76.25,76.61,76.07,76.33,76.33
20-02-20,21932000,76.10,76.48,75.34,75.91,75.91
21-02-20,34634000,75.40,75.61,74.02,74.26,74.26
24-02-20,57342000,71.31,71.85,70.57,71.08,71.08
25-02-20,49566000,71.65,71.91,69.12,69.42,69.42
26-02-20,44048000,69.81,70.79,68.95,69.66,69.66
27-02-20,59566000,68.10,68.59,65.86,65.90,65.90
28-02-20,75782000,63.88,67.06,63.55,66.97,66.97
02-03-20,48630000,67.58,69.54,66.34,69.46,69.46
03-03-20,48046000,69.97,70.51,66.60,67.07,67.07
04-03-20,38266000,67.96,69.40,67.16,69.33,69.33
05-03-20,51226000,67.51,67.95,65.25,65.95,65.95
06-03-20,53212000,63.85,65.31,63.05,64.92,64.92
09-03-20,67308000,60.26,62.74,60.00,60.78,60.78
10-03-20,52228000,63.00,64.06,60.94,64.02,64.02
11-03-20,52170000,62.49,63.05,59.80,60.77,60.77
12-03-20,84534000,56.30,59.69,55.67,55.75,55.75
13-03-20,74002000,58.95,60.99,55.86,60.99,60.99
16-03-20,85048000,54.80,57.61,53.72,54.22,54.22
17-03-20,77230000,54.66,56.54,52.80,55.99,55.99
18-03-20,84668000,52.83,55.33,51.86,54.84,54.84
19-03-20,73022000,54.65,57.90,53.01,55.76,55.76
20-03-20,72036000,56.79,57.20,53.27,53.62,53.62
23-03-20,80882000,53.07,53.57,50.68,52.83,52.83
24-03-20,66890000,55.19,56.75,54.53,56.72,56.72
25-03-20,81630000,56.32,57.45,54.30,55.12,55.12
26-03-20,71434000,55.59,58.50,54.68,58.09,58.09
27-03-20,64170000,56.28,57.53,55.30,55.54,55.54
30-03-20,51482000,56.25,57.58,54.82,57.34,57.34
31-03-20,49728000,57.37,58.77,56.91,58.14,58.14
01-04-20,46884000,56.10,56.48,54.87,55.28,55.28
02-04-20,39298000,54.91,56.34,54.82,56.04,56.04
03-04-20,46268000,55.95,56.18,53.99,54.89,54.89
06-04-20,53294000,56.90,59.73,56.55,59.35,59.35
07-04-20,47746000,61.05,61.25,59.11,59.33,59.33
08-04-20,39502000,60.33,60.95,59.41,60.51,60.51
09-04-20,43508000,61.20,61.28,59.84,60.57,60.57
13-04-20,34796000,60.46,61.03,59.38,60.88,60.88
14-04-20,49408000,62.25,64.10,61.85,63.46,63.46
15-04-20,33434000,62.28,64.02,62.02,63.12,63.12
16-04-20,50362000,63.71,63.95,62.13,63.17,63.17
17-04-20,38980000,64.24,64.72,63.56,64.16,64.16
20-04-20,33910000,63.55,64.08,63.07,63.33,63.33
21-04-20,43060000,62.35,62.71,60.49,60.82,60.82
22-04-20,41848000,62.28,64.28,62.10,63.16,63.16
23-04-20,31324000,63.58,64.67,63.28,63.82,63.82
24-04-20,32792000,63.06,64.02,62.47,63.97,63.97
27-04-20,32012000,64.80,64.81,63.45,63.79,63.79
28-04-20,59026000,64.40,64.40,61.61,61.68,61.68
29-04-20,75872000,67.07,68.00,66.27,67.07,67.07
30-04-20,53378000,66.24,67.64,66.12,67.43,67.43
01-05-20,41450000,66.43,67.60,65.55,66.03,66.03
04-05-20,30080000,65.41,66.38,64.95,66.34,66.34
05-05-20,33030000,66.90,68.70,66.87,67.56,67.56
06-05-20,24308000,68.08,68.56,67.36,67.36,67.36
07-05-20,27952000,68.30,68.88,67.76,68.63,68.63
08-05-20,27738000,69.16,69.94,68.77,69.42,69.42
11-05-20,28242000,68.91,70.83,68.86,70.16,70.16
12-05-20,27812000,70.36,70.75,68.74,68.79,68.79
13-05-20,36252000,68.85,69.27,66.42,67.47,67.47
14-05-20,32062000,66.75,67.87,66.20,67.81,67.81
15-05-20,34154000,67.50,68.72,66.95,68.66,68.66
18-05-20,36448000,68.09,69.62,67.71,69.20,69.20
19-05-20,25612000,69.35,69.60,68.67,68.67,68.67
20-05-20,33108000,69.48,70.52,69.36,70.34,70.34
21-05-20,27700000,70.40,70.77,69.67,70.14,70.14
22-05-20,26188000,69.84,70.64,69.59,70.52,70.52
26-05-20,41212000,71.86,72.05,70.61,70.85,70.85
27-05-20,33716000,70.86,71.09,69.56,70.89,70.89
28-05-20,33844000,69.84,72.04,69.80,70.84,70.84
29-05-20,36418000,70.85,71.63,70.67,71.45,71.45
01-06-20,24342000,70.92,71.90,70.90,71.59,71.59
02-06-20,25562000,71.53,71.98,70.94,71.96,71.96
03-06-20,25124000,71.92,72.33,71.49,71.82,71.82
04-06-20,29686000,71.52,71.95,70.24,70.61,70.61
05-06-20,34698000,70.66,72.25,70.30,71.92,71.92
08-06-20,28084000,71.12,72.40,71.12,72.33,72.33
09-06-20,28184000,72.27,73.40,72.16,72.81,72.81
10-06-20,30504000,72.98,73.71,72.81,73.29,73.29
11-06-20,39826000,72.12,72.72,70.10,70.19,70.19
12-06-20,38928000,71.42,71.85,69.30,70.66,70.66
15-06-20,30078000,69.54,71.24,69.40,70.99,70.99
16-06-20,34184000,72.26,72.75,71.29,72.14,72.14
17-06-20,30992000,72.36,73.00,71.57,72.56,72.56
18-06-20,31638000,72.46,72.57,71.35,71.80,71.80
19-06-20,63158000,72.20,72.39,71.07,71.59,71.59
22-06-20,30848000,71.45,72.64,71.16,72.59,72.59
23-06-20,28596000,72.78,73.80,72.26,73.22,73.22
24-06-20,35120000,73.08,73.77,71.49,71.60,71.60
25-06-20,24610000,71.50,72.14,71.00,72.07,72.07
26-06-20,85354000,71.57,71.67,67.60,68.00,68.00
29-06-20,36204000,67.91,69.78,67.35,69.75,69.75
30-06-20,40848000,69.52,70.93,69.20,70.68,70.68
01-07-20,35504000,70.56,72.15,70.49,71.90,71.90
02-07-20,37182000,72.35,74.15,72.32,73.24,73.24
06-07-20,31280000,74.00,75.33,73.64,74.79,74.79
07-07-20,29164000,74.50,75.84,74.18,74.26,74.26
08-07-20,24994000,74.72,75.29,74.28,74.80,74.80
09-07-20,28466000,75.32,76.14,74.40,75.55,75.55
10-07-20,37126000,75.31,77.19,74.83,77.09,77.09
13-07-20,36928000,77.50,78.86,75.26,75.57,75.57
14-07-20,31700000,74.52,76.15,74.18,76.03,76.03
15-07-20,32214000,76.16,76.77,74.90,75.68,75.68
16-07-20,30386000,75.00,75.93,74.32,75.90,75.90
17-07-20,29134000,76.08,76.17,74.92,75.78,75.78
20-07-20,31146000,75.76,78.51,75.18,78.29,78.29
21-07-20,24324000,79.35,79.35,77.71,77.92,77.92
22-07-20,18640000,78.03,78.50,77.31,78.42,78.42
23-07-20,32552000,78.35,78.59,75.37,75.78,75.78
24-07-20,30880000,74.95,75.88,74.42,75.59,75.59
27-07-20,24920000,75.78,77.05,75.76,76.51,76.51
28-07-20,34044000,76.26,76.32,74.88,75.02,75.02
29-07-20,22130000,75.32,76.56,75.07,76.10,76.10
30-07-20,33428000,74.85,76.89,74.61,76.57,76.57
31-07-20,68798000,75.25,75.45,72.70,74.15,74.15
03-08-20,46604000,74.33,74.52,73.28,73.72,73.72
04-08-20,38070000,73.83,74.28,72.93,73.25,73.25
05-08-20,39590000,73.46,74.12,73.17,73.68,73.68
06-08-20,39908000,73.59,75.12,73.30,75.00,75.00
07-08-20,31556000,75.00,75.84,74.08,74.72,74.72
10-08-20,25786000,74.36,75.20,73.65,74.81,74.81
11-08-20,29088000,74.62,75.50,73.90,74.02,74.02
12-08-20,28740000,74.28,75.62,74.26,75.33,75.33
13-08-20,29104000,75.52,76.86,75.40,75.92,75.92
14-08-20,27096000,75.78,76.10,75.14,75.39,75.39
17-08-20,27566000,75.73,76.28,75.40,75.90,75.90
18-08-20,40542000,76.31,78.12,76.19,77.93,77.93
19-08-20,33212000,77.67,78.68,77.20,77.38,77.38
20-08-20,34138000,77.17,79.29,76.91,79.09,79.09
21-08-20,28930000,78.85,79.89,78.40,79.02,79.02
24-08-20,28198000,79.70,80.71,79.03,79.41,79.41
25-08-20,44942000,79.10,80.58,79.10,80.41,80.41
26-08-20,79868000,80.40,82.96,80.18,82.62,82.62
27-08-20,37232000,82.68,82.75,81.29,81.72,81.72
28-08-20,29980000,81.67,82.36,81.54,82.22,82.22
31-08-20,36468000,82.39,82.40,81.52,81.71,81.71
01-09-20,36506000,81.83,83.29,81.61,83.04,83.04
02-09-20,50224000,83.69,86.66,83.32,86.41,86.41
03-09-20,62156000,85.49,85.49,80.75,82.09,82.09
04-09-20,52172000,81.21,82.26,77.38,79.55,79.55
08-09-20,52218000,76.68,78.19,76.40,76.62,76.62
09-09-20,35494000,77.88,78.45,76.80,77.85,77.85
10-09-20,32372000,78.03,79.20,76.29,76.60,76.60
11-09-20,31942000,76.80,78.76,74.87,76.04,76.04
14-09-20,33932000,76.95,78.20,75.79,75.96,75.96
15-09-20,26622000,76.80,77.98,76.59,77.07,77.07
16-09-20,26234000,77.78,78.10,75.99,76.04,76.04
17-09-20,37596000,74.80,75.41,73.50,74.78,74.78
18-09-20,62078000,74.90,75.15,71.86,73.00,73.00
21-09-20,57776000,72.00,72.42,70.33,71.56,71.56
22-09-20,31664000,72.50,73.48,71.73,73.27,73.27
23-09-20,33148000,72.94,73.05,70.39,70.76,70.76
24-09-20,29004000,70.55,72.19,70.49,71.41,71.41
25-09-20,26460000,71.63,72.50,70.67,72.25,72.25
28-09-20,40158000,73.71,73.84,72.47,73.23,73.23
29-09-20,19564000,73.52,73.83,72.94,73.47,73.47
30-09-20,34032000,73.34,74.49,72.99,73.48,73.48
01-10-20,35590000,74.21,74.95,73.96,74.50,74.50
02-10-20,25682000,73.10,74.16,72.55,72.92,72.92
05-10-20,22266000,73.31,74.41,73.21,74.30,74.30
06-10-20,24908000,73.78,74.34,72.43,72.67,72.67
07-10-20,34924000,73.21,73.45,71.80,73.01,73.01
08-10-20,23756000,73.25,74.50,73.25,74.30,74.30
09-10-20,28706000,74.74,75.83,74.47,75.76,75.76
12-10-20,49652000,77.15,79.69,76.63,78.46,78.46
13-10-20,32020000,79.19,79.50,78.16,78.58,78.58
14-10-20,38586000,78.93,79.38,77.53,78.40,78.40
15-10-20,30800000,77.36,78.76,77.25,77.96,77.96
16-10-20,28694000,78.29,79.06,78.15,78.65,78.65
19-10-20,32142000,79.02,79.41,76.40,76.73,76.73
20-10-20,44834000,76.35,78.88,76.28,77.80,77.80
21-10-20,51366000,78.67,80.94,78.58,79.67,79.67
22-10-20,28672000,79.65,81.10,79.25,80.77,80.77
23-10-20,27516000,81.30,82.12,81.03,82.05,82.05
26-10-20,37066000,81.25,81.91,78.82,79.52,79.52
27-10-20,24580000,79.78,80.34,79.14,80.21,80.21
28-10-20,36680000,77.99,78.07,75.73,75.83,75.83
29-10-20,40062000,76.12,79.69,76.11,78.36,78.36
30-10-20,86582000,83.61,84.35,80.22,81.05,81.05
02-11-20,50708000,81.41,83.04,80.80,81.30,81.30
03-11-20,33234000,81.59,83.08,80.83,82.51,82.51
04-11-20,71418000,85.51,88.57,85.30,87.46,87.46
05-11-20,41316000,89.05,89.68,87.53,88.17,88.17
06-11-20,33218000,87.70,88.62,87.02,88.09,88.09
09-11-20,45366000,89.54,90.90,88.00,88.15,88.15
10-11-20,52722000,86.55,88.15,85.86,87.02,87.02
11-11-20,25280000,87.50,88.21,87.37,87.64,87.64
12-11-20,24950000,87.38,88.41,87.28,87.49,87.49
13-11-20,29998000,87.88,89.05,87.23,88.85,88.85
16-11-20,24936000,88.58,89.95,88.38,89.07,89.07
17-11-20,22942000,88.85,89.25,88.35,88.51,88.51
18-11-20,23470000,88.26,88.67,87.31,87.34,87.34
19-11-20,24998000,86.92,88.48,86.85,88.20,88.20
20-11-20,46270000,88.26,88.70,87.09,87.11,87.11
23-11-20,43232000,87.48,87.70,85.89,86.74,86.74
24-11-20,31560000,86.53,88.58,86.38,88.44,88.44
25-11-20,20916000,88.64,88.93,87.83,88.57,88.57
27-11-20,17698000,88.65,90.20,88.62,89.66,89.66
30-11-20,36476000,89.06,89.40,87.75,88.04,88.04
01-12-20,34738000,88.72,91.24,88.47,89.90,89.90
02-12-20,24440000,89.90,91.78,89.47,91.40,91.40
03-12-20,24546000,91.20,92.36,91.13,91.34,91.34
04-12-20,27564000,91.23,91.66,90.85,91.40,91.40
07-12-20,26418000,90.95,91.62,90.29,90.97,90.97
08-12-20,21926000,90.50,91.10,89.81,90.93,90.93
09-12-20,30152000,90.60,91.71,88.39,89.21,89.21
10-12-20,27256000,88.49,89.07,87.02,88.77,88.77
11-12-20,24414000,88.15,89.22,88.00,89.09,89.09
14-12-20,32004000,88.75,89.87,87.86,88.00,88.00
15-12-20,29646000,88.22,88.57,87.50,88.39,88.39
16-12-20,30270000,88.64,88.65,87.80,88.15,88.15
17-12-20,32494000,88.43,88.59,86.93,87.39,87.39
18-12-20,80328000,87.71,87.76,86.01,86.55,86.55
21-12-20,36568000,85.68,87.04,84.95,86.97,86.97
22-12-20,18734000,86.72,86.87,85.63,86.18,86.18
23-12-20,20676000,86.41,87.40,86.25,86.62,86.62
24-12-20,6936000,86.75,87.30,86.46,86.94,86.94
28-12-20,27860000,87.58,89.54,87.32,88.80,88.80
29-12-20,25988000,89.39,89.62,87.80,87.94,87.94
30-12-20,26122000,88.10,88.25,86.28,86.98,86.98
31-12-20,20238000,86.77,87.95,86.77,87.59,87.59
04-01-21,38038000,87.88,88.03,85.39,86.41,86.41
05-01-21,22906000,86.25,87.38,85.90,87.05,87.05
06-01-21,52042000,85.13,87.40,84.95,86.76,86.76
07-01-21,45300000,87.00,89.42,86.85,89.36,89.36
08-01-21,41012000,89.40,90.49,88.68,90.36,90.36
11-01-21,24194000,89.30,89.72,88.03,88.34,88.34
12-01-21,27140000,87.70,88.90,86.27,87.33,87.33
13-01-21,21882000,86.93,88.25,86.90,87.72,87.72
14-01-21,23590000,87.68,88.75,86.67,87.01,87.01
15-01-21,26844000,86.91,87.80,86.08,86.81,86.81
19-01-21,34692000,87.61,90.46,87.07,89.54,89.54
20-01-21,49806000,91.57,95.19,91.28,94.35,94.35
21-01-21,41278000,94.90,96.74,94.36,94.56,94.56
22-01-21,25442000,94.78,95.55,94.09,95.05,95.05
25-01-21,38546000,96.03,96.48,93.38,94.97,94.97
26-01-21,26262000,94.44,96.25,94.21,95.86,95.86
27-01-21,54966000,94.13,94.50,90.45,91.54,91.54
28-01-21,35462000,92.20,94.94,92.13,93.16,93.16
29-01-21,32252000,92.31,92.86,90.51,91.79,91.79
01-02-21,32044000,92.68,96.12,92.55,95.07,95.07
02-02-21,45474000,96.13,97.79,95.72,96.38,96.38
03-02-21,82364000,103.65,105.82,100.92,103.50,103.50
04-02-21,37046000,103.44,103.93,102.13,103.12,103.12
05-02-21,30702000,103.50,105.13,102.97,104.90,104.90
08-02-21,24838000,105.30,106.18,103.60,104.65,104.65
09-02-21,17798000,103.93,105.26,103.93,104.18,104.18
10-02-21,22710000,104.71,105.42,103.15,104.77,104.77
11-02-21,18914000,104.98,105.10,103.87,104.79,104.79
12-02-21,17114000,104.51,105.44,104.16,105.21,105.21
16-02-21,22676000,105.22,107.63,105.22,106.10,106.10
17-02-21,21418000,105.00,106.68,104.95,106.42,106.42
18-02-21,22432000,105.52,106.64,105.19,105.86,105.86
19-02-21,29148000,105.96,106.53,104.87,105.06,105.06
22-02-21,27350000,103.35,104.57,103.11,103.24,103.24
23-02-21,33348000,101.25,104.10,100.10,103.54,103.54
24-02-21,24966000,102.09,105.04,101.91,104.76,104.76
25-02-21,36568000,103.37,104.74,101.06,101.57,101.57
26-02-21,41670000,102.53,103.55,100.80,101.84,101.84
01-03-21,28090000,102.83,104.33,102.31,104.08,104.08
02-03-21,22692000,103.81,105.22,103.56,103.79,103.79
03-03-21,29684000,103.36,104.43,100.50,101.34,101.34
04-03-21,42360000,101.17,104.46,101.01,102.45,102.45
05-03-21,43904000,103.66,105.91,102.32,105.43,105.43
08-03-21,32948000,105.06,106.44,101.08,101.21,101.21
09-03-21,33946000,103.50,103.90,102.39,102.64,102.64
10-03-21,25372000,103.59,103.75,101.67,102.75,102.75
11-03-21,24782000,103.70,106.29,103.62,105.74,105.74
12-03-21,34516000,104.25,104.51,102.38,103.10,103.10
15-03-21,25962000,103.11,103.35,102.18,103.32,103.32
16-03-21,29832000,103.95,106.18,103.50,104.63,104.63
17-03-21,25980000,103.80,105.49,102.70,104.55,104.55
18-03-21,27228000,103.05,103.78,101.68,101.81,101.81
19-03-21,46298000,102.10,102.65,100.88,102.16,102.16
22-03-21,39096000,102.09,102.90,101.30,101.93,101.93
23-03-21,27340000,102.58,103.62,101.96,102.65,102.65
24-03-21,23080000,103.27,103.91,102.08,102.25,102.25
25-03-21,28378000,102.24,102.94,100.54,102.22,102.22
26-03-21,29870000,101.94,102.55,100.70,101.78,101.78
29-03-21,24596000,101.39,102.92,100.78,102.80,102.80
30-03-21,20732000,102.88,103.54,102.20,102.78,102.78
31-03-21,29198000,102.96,104.67,102.84,103.43,103.43
01-04-21,33980000,104.90,107.15,104.84,106.89,106.89
05-04-21,43298000,107.65,111.87,107.58,111.28,111.28
06-04-21,27060000,111.13,111.88,110.74,111.24,111.24
07-04-21,25798000,111.31,112.75,111.27,112.48,112.48
08-04-21,27166000,113.90,114.20,112.88,113.27,113.27
09-04-21,20888000,112.83,114.45,112.69,114.29,114.29
12-04-21,31318000,113.31,113.77,111.92,112.74,112.74
13-04-21,23310000,113.07,113.86,112.80,113.36,113.36
14-04-21,20220000,113.76,113.90,112.46,112.74,112.74
15-04-21,27472000,113.85,115.33,113.30,114.83,114.83
16-04-21,22596000,115.15,115.32,114.22,114.89,114.89
19-04-21,24688000,114.60,115.92,114.39,115.12,115.12
20-04-21,21774000,115.39,115.48,113.59,114.68,114.68
21-04-21,23930000,114.26,114.77,112.93,114.66,114.66
22-04-21,21096000,114.66,115.19,112.82,113.40,113.40
23-04-21,28670000,114.17,116.29,113.91,115.76,115.76
26-04-21,20834000,116.00,117.06,115.69,116.34,116.34
27-04-21,31972000,116.80,116.87,115.21,115.36,115.36
28-04-21,59728000,120.36,122.62,118.74,119.00,119.00
29-04-21,39554000,120.52,121.83,120.11,121.49,121.49
30-04-21,39142000,120.22,121.36,120.11,120.51,120.51
03-05-21,33788000,120.14,120.99,119.22,119.76,119.76
04-05-21,35120000,118.49,118.96,115.58,117.71,117.71
05-05-21,21806000,118.42,119.11,117.57,117.84,117.84
06-05-21,20618000,117.53,119.14,117.12,119.07,119.07
07-05-21,23272000,120.00,120.82,119.50,119.93,119.93
10-05-21,26006000,118.74,118.90,116.74,117.08,117.08
11-05-21,32110000,114.59,116.10,114.15,115.44,115.44
12-05-21,34934000,113.09,114.27,111.50,111.95,111.95
13-05-21,26670000,113.05,113.83,112.14,113.10,113.10
14-05-21,26624000,114.59,116.06,114.17,115.81,115.81
17-05-21,19842000,115.47,116.17,114.75,116.07,116.07
18-05-21,17302000,116.85,117.16,115.16,115.17,115.17
19-05-21,19350000,113.22,115.84,113.18,115.44,115.44
20-05-21,23832000,116.40,118.02,116.05,117.80,117.80
21-05-21,22832000,118.30,118.45,117.12,117.25,117.25
24-05-21,21244000,118.35,120.92,118.01,120.33,120.33
25-05-21,18838000,121.00,121.64,120.15,120.45,120.45
26-05-21,21856000,120.64,122.15,120.63,121.68,121.68
27-05-21,38962000,121.85,122.00,120.10,120.13,120.13
28-05-21,24108000,121.10,121.41,120.38,120.58,120.58
01-06-21,19166000,121.10,121.90,120.24,121.49,121.49
02-06-21,17158000,121.77,122.10,120.21,121.06,121.06
03-06-21,18346000,119.75,120.49,119.14,120.23,120.23
04-06-21,25948000,121.13,122.69,120.89,122.59,122.59
07-06-21,23850000,122.57,123.40,122.05,123.30,123.30
08-06-21,25060000,124.00,124.72,123.41,124.14,124.14
09-06-21,20126000,124.97,125.25,124.37,124.57,124.57
10-06-21,31234000,124.70,126.16,124.70,126.08,126.08
11-06-21,25240000,126.25,126.35,124.91,125.70,125.70
14-06-21,22550000,125.67,126.41,125.05,126.35,126.35
15-06-21,22182000,126.52,126.86,125.65,126.03,126.03
16-06-21,26316000,126.25,126.52,124.15,125.70,125.70
17-06-21,25756000,125.52,127.20,125.51,126.37,126.37
18-06-21,53306000,125.71,126.39,124.60,125.57,125.57
21-06-21,26256000,125.74,127.04,125.13,126.46,126.46
22-06-21,20984000,126.45,127.27,126.03,127.00,127.00
23-06-21,19694000,126.55,127.80,126.25,126.46,126.46
24-06-21,18934000,127.05,127.54,126.96,127.28,127.28
25-06-21,33484000,126.96,127.50,126.44,127.00,127.00
28-06-21,28110000,127.00,127.34,125.97,126.82,126.82
29-06-21,20950000,126.77,127.00,125.44,126.02,126.02
30-06-21,24006000,125.65,125.80,124.76,125.32,125.32
01-07-21,17120000,124.85,126.46,124.85,126.37,126.37
02-07-21,21160000,126.84,128.85,126.77,128.72,128.72
06-07-21,21350000,129.45,129.88,128.41,129.77,129.77
07-07-21,16680000,130.34,130.64,129.76,130.08,130.08
08-07-21,19780000,128.25,130.03,128.04,129.18,129.18
09-07-21,15106000,128.94,129.85,128.94,129.57,129.57
12-07-21,16944000,129.83,130.77,129.60,130.56,130.56
13-07-21,16618000,130.88,132.04,130.64,130.99,130.99
14-07-21,17912000,131.90,133.00,131.90,132.08,132.08
15-07-21,16586000,132.50,132.60,130.60,131.27,131.27
16-07-21,14856000,131.64,132.18,130.82,131.85,131.85
19-07-21,25710000,131.16,131.25,128.54,129.25,129.25
20-07-21,19084000,130.00,132.00,129.19,131.10,131.10
21-07-21,14742000,130.79,132.62,130.60,132.60,132.60
22-07-21,13608000,132.65,133.50,132.40,133.33,133.33
23-07-21,26378000,135.26,138.81,134.70,137.82,137.82
26-07-21,23052000,138.25,139.71,137.65,139.64,139.64
27-07-21,42164000,140.01,140.01,135.10,136.80,136.80
28-07-21,54688000,138.56,139.68,136.35,136.38,136.38
29-07-21,19284000,136.38,137.15,136.14,136.54,136.54
30-07-21,23954000,135.51,135.77,134.81,135.22,135.22
02-08-21,20140000,135.48,136.02,134.67,135.99,135.99
03-08-21,19064000,136.00,136.34,134.18,136.28,136.28
04-08-21,16528000,136.25,136.54,135.41,136.03,136.03
05-08-21,11866000,136.03,136.95,135.60,136.94,136.94
06-08-21,13560000,136.29,137.08,136.05,137.04,137.04
09-08-21,12374000,136.95,138.32,136.43,138.00,138.00
10-08-21,16034000,138.08,138.55,137.23,138.10,138.10
11-08-21,15204000,138.28,138.85,137.35,137.69,137.69
12-08-21,14646000,137.71,138.42,136.78,138.39,138.39
13-08-21,12580000,138.36,138.67,138.01,138.41,138.41
16-08-21,18040000,138.00,138.99,136.17,138.92,138.92
17-08-21,21272000,138.19,138.72,136.79,137.30,137.30
18-08-21,14934000,137.12,138.29,136.42,136.57,136.57
19-08-21,18296000,135.47,137.45,135.36,136.91,136.91
20-08-21,15564000,137.08,138.61,136.47,138.44,138.44
23-08-21,21090000,139.00,142.18,138.75,141.10,141.10
24-08-21,15126000,141.54,143.01,141.35,142.40,142.40
25-08-21,12838000,142.88,143.31,142.44,142.95,142.95
26-08-21,14922000,142.62,143.13,142.09,142.12,142.12
27-08-21,24562000,142.11,145.01,142.02,144.55,144.55
30-08-21,16916000,144.70,146.49,144.60,145.47,145.47
31-08-21,26756000,145.88,146.11,145.00,145.46,145.46
01-09-21,15824000,145.65,146.82,145.61,145.84,145.84
02-09-21,21844000,145.95,146.32,144.11,144.22,144.22
03-09-21,19104000,144.15,145.38,143.51,144.77,144.77
07-09-21,15170000,144.75,145.82,144.54,145.52,145.52
08-09-21,15486000,145.39,145.55,144.20,144.88,144.88
09-09-21,14798000,144.88,145.67,144.43,144.91,144.91
10-09-21,32896000,145.44,146.02,141.74,141.92,141.92
13-09-21,20176000,143.20,144.19,142.28,143.46,143.46
14-09-21,18916000,144.16,144.73,142.91,143.41,143.41
15-09-21,20648000,143.76,145.58,142.26,145.21,145.21
16-09-21,20292000,145.12,145.20,143.42,144.37,144.37
17-09-21,60040000,143.80,144.25,141.06,141.46,141.46
20-09-21,34918000,139.00,139.36,137.05,139.02,139.02
21-09-21,18130000,140.12,140.81,138.91,139.65,139.65
22-09-21,22068000,140.05,141.58,139.47,140.94,140.94
23-09-21,17272000,141.61,142.25,141.10,141.83,141.83
24-09-21,14950000,140.95,142.90,140.85,142.63,142.63
27-09-21,18844000,141.59,142.50,140.50,141.50,141.50
28-09-21,42190000,139.09,139.61,135.70,136.18,136.18
29-09-21,26338000,137.11,137.40,134.25,134.52,134.52
30-09-21,35294000,134.32,135.59,133.00,133.27,133.27
01-10-21,28388000,133.55,137.07,133.38,136.46,136.46
04-10-21,31530000,135.70,135.70,131.17,133.76,133.76
05-10-21,24126000,134.00,137.36,134.00,136.18,136.18
06-10-21,19764000,134.63,137.85,134.49,137.35,137.35
07-10-21,18250000,138.86,140.15,138.56,139.19,139.19
08-10-21,18924000,139.91,140.32,139.43,140.06,140.06
11-10-21,16584000,139.80,140.76,138.81,138.85,138.85
12-10-21,22536000,139.64,139.70,136.25,136.71,136.71
13-10-21,16380000,137.75,138.55,136.98,137.90,137.90
14-10-21,21426000,139.95,141.65,139.34,141.41,141.41
15-10-21,21250000,142.20,142.20,141.06,141.68,141.68
18-10-21,16564000,141.21,143.00,141.21,142.96,142.96
19-10-21,15316000,143.29,144.11,143.10,143.82,143.82
20-10-21,17940000,144.22,144.25,141.91,142.41,142.41
21-10-21,14850000,142.19,142.85,141.64,142.78,142.78
22-10-21,30182000,140.35,141.56,137.17,138.63,138.63
25-10-21,21082000,138.81,139.21,136.75,138.77,138.77
26-10-21,28258000,140.61,140.84,139.01,139.67,139.67
27-10-21,51850000,139.90,149.12,139.90,146.43,146.43
28-10-21,32418000,147.30,147.42,144.76,146.13,146.13
29-10-21,28954000,145.52,148.61,145.17,148.27,148.27
01-11-21,32272000,148.16,148.40,143.58,143.77,143.77
02-11-21,21150000,144.81,146.92,144.64,145.86,145.86
03-11-21,17886000,146.27,146.91,145.05,146.79,146.79
04-11-21,24700000,147.20,149.95,146.63,148.68,148.68
05-11-21,20408000,149.35,150.57,148.65,149.24,149.24
08-11-21,18388000,150.00,151.03,149.12,149.35,149.35
09-11-21,16876000,149.75,150.38,147.51,149.25,149.25
10-11-21,22708000,148.01,148.70,145.32,146.63,146.63
11-11-21,12464000,147.11,148.50,146.69,146.75,146.75
12-11-21,17048000,147.83,149.86,146.45,149.65,149.65
15-11-21,16248000,150.00,150.48,148.65,149.39,149.39
16-11-21,17254000,149.17,149.83,148.35,149.08,149.08
17-11-21,15290000,149.23,149.63,148.56,149.06,149.06
18-11-21,26658000,149.15,151.61,149.00,150.71,150.71
19-11-21,19766000,151.00,151.85,149.89,149.95,149.95
22-11-21,24608000,150.14,150.74,147.01,147.08,147.08
23-11-21,18126000,147.11,147.69,144.89,146.76,146.76
24-11-21,16464000,146.35,147.00,145.20,146.72,146.72
26-11-21,16992000,145.02,145.30,142.49,142.81,142.81
29-11-21,26276000,144.30,146.86,144.30,146.11,146.11
30-11-21,41590000,145.45,146.63,142.07,142.45,142.45
01-12-21,28476000,144.21,146.50,141.50,141.62,141.62
02-12-21,21250000,141.82,144.68,140.98,143.78,143.78
03-12-21,26688000,144.50,145.21,141.15,142.52,142.52
06-12-21,22198000,143.57,144.35,140.65,143.80,143.80
07-12-21,23258000,145.95,148.30,145.70,148.04,148.04
08-12-21,18964000,148.33,149.16,147.20,148.72,148.72
09-12-21,18580000,148.18,149.60,147.53,148.11,148.11
10-12-21,21634000,149.10,149.40,147.36,148.68,148.68
13-12-21,24104000,148.44,148.56,146.36,146.70,146.70
14-12-21,24778000,144.77,145.44,142.24,144.97,144.97
15-12-21,27280000,144.37,147.52,142.71,147.37,147.37
16-12-21,27400000,148.08,148.55,144.09,144.84,144.84
17-12-21,43404000,142.71,144.46,141.79,142.80,142.80
20-12-21,20264000,140.68,142.61,140.25,142.40,142.40
21-12-21,19548000,143.15,144.69,141.74,144.22,144.22
22-12-21,18438000,144.10,147.30,143.96,146.95,146.95
23-12-21,13818000,147.09,148.57,146.95,147.14,147.14
27-12-21,13256000,147.46,148.43,147.25,148.06,148.06
28-12-21,18624000,148.37,148.37,145.94,146.45,146.45
29-12-21,17022000,146.43,147.18,145.50,146.50,146.50
30-12-21,12978000,146.45,147.06,145.76,146.00,146.00
31-12-21,17298000,145.54,146.37,144.68,144.68,144.68
03-01-22,25214000,144.48,145.55,143.50,145.07,145.07
04-01-22,22928000,145.55,146.61,143.82,144.42,144.42
05-01-22,49642000,144.18,144.30,137.52,137.65,137.65
06-01-22,29050000,137.50,139.69,136.76,137.55,137.55
07-01-22,19408000,137.90,138.25,135.79,137.00,137.00
10-01-22,34096000,135.10,138.64,133.14,138.57,138.57
11-01-22,23502000,138.18,140.33,136.81,140.02,140.02
12-01-22,23642000,141.55,142.81,141.11,141.65,141.65
13-01-22,26566000,141.84,143.19,138.91,139.13,139.13
14-01-22,23826000,137.50,141.20,137.50,139.79,139.79
18-01-22,27382000,136.60,137.39,135.62,136.29,136.29
19-01-22,20796000,136.94,138.40,135.50,135.65,135.65
20-01-22,21930000,136.51,137.91,133.14,133.51,133.51
21-01-22,41920000,133.01,134.76,130.00,130.09,130.09
24-01-22,55148000,126.03,130.78,124.64,130.37,130.37
25-01-22,36008000,128.44,129.34,126.38,126.74,126.74
26-01-22,39630000,130.59,132.81,127.15,129.24,129.24
27-01-22,30248000,131.36,132.61,128.95,129.12,129.12
28-01-22,30518000,130.00,133.37,128.69,133.29,133.29
31-01-22,34056000,134.20,135.84,132.27,135.70,135.70
01-02-22,51204000,137.84,138.20,134.57,137.88,137.88
02-02-22,89750000,151.86,152.10,145.56,148.04,148.04
03-02-22,56930000,145.29,149.12,142.21,142.65,142.65
04-02-22,49224000,143.02,144.54,139.82,143.02,143.02
07-02-22,44610000,143.71,143.85,138.70,138.94,138.94
08-02-22,34256000,138.99,139.84,136.87,139.21,139.21
09-02-22,28628000,140.85,142.18,140.38,141.45,141.45
10-02-22,33018000,139.50,141.43,138.05,138.60,138.60
11-02-22,38808000,138.75,139.28,133.29,134.13,134.13
14-02-22,26792000,133.37,136.17,133.30,135.30,135.30
15-02-22,26578000,137.47,137.90,135.54,136.43,136.43
16-02-22,25610000,136.43,137.95,134.82,137.49,137.49
17-02-22,30968000,136.15,136.84,132.20,132.31,132.31
18-02-22,31858000,133.04,133.82,130.31,130.47,130.47
22-02-22,38906000,129.99,131.90,127.74,129.40,129.40
23-02-22,26432000,131.08,131.75,127.50,127.58,127.58
24-02-22,43166000,125.00,133.04,124.76,132.67,132.67
25-02-22,26236000,133.53,135.39,131.76,134.52,134.52
28-02-22,29676000,133.28,135.64,132.83,134.89,134.89
01-03-22,24640000,134.48,136.11,133.38,134.17,134.17
02-03-22,23966000,134.61,135.62,133.43,134.75,134.75
03-03-22,19780000,135.98,136.71,133.43,134.31,134.31
04-03-22,24446000,133.38,134.20,130.41,132.12,132.12
07-03-22,39178000,131.90,131.90,126.41,126.46,126.46
08-03-22,35250000,126.25,131.25,125.86,127.28,127.28
09-03-22,32258000,131.40,134.20,130.09,133.87,133.87
10-03-22,24266000,131.46,133.54,131.40,132.68,132.68
11-03-22,26600000,134.00,134.20,130.30,130.48,130.48
14-03-22,30254000,130.57,131.03,126.41,126.74,126.74
15-03-22,30292000,127.74,130.52,126.57,129.66,129.66
16-03-22,32058000,131.00,133.77,129.20,133.69,133.69
17-03-22,23994000,133.32,134.74,132.72,134.60,134.60
18-03-22,45900000,133.88,136.91,132.93,136.80,136.80
21-03-22,26632000,136.85,137.58,134.61,136.48,136.48
22-03-22,29776000,136.50,141.50,136.50,140.28,140.28
23-03-22,25302000,139.14,140.02,138.17,138.50,138.50
24-03-22,20544000,139.27,141.40,138.04,141.31,141.31
25-03-22,19270000,141.75,141.96,139.70,141.52,141.52
28-03-22,23774000,140.68,141.98,139.83,141.95,141.95
29-03-22,28678000,143.16,144.16,142.48,143.25,143.25
30-03-22,21046000,142.87,143.48,142.17,142.64,142.64
31-03-22,29516000,142.45,142.64,139.62,139.65,139.65
01-04-22,23480000,140.01,140.95,138.80,140.70,140.70
04-04-22,19076000,140.82,144.04,140.82,143.64,143.64
05-04-22,19256000,143.40,143.59,140.94,141.06,141.06
06-04-22,23574000,139.16,139.85,136.42,137.18,137.18
07-04-22,19448000,136.62,137.70,134.86,136.46,136.46
08-04-22,16434000,136.25,136.25,133.75,134.01,134.01
11-04-22,24188000,132.90,132.94,129.62,129.80,129.80
12-04-22,23004000,132.42,132.42,127.58,128.37,128.37
13-04-22,19542000,128.63,130.66,128.44,130.29,130.29
14-04-22,23484000,130.65,130.71,127.11,127.25,127.25
18-04-22,14918000,127.41,128.71,126.58,127.96,127.96
19-04-22,22720000,128.08,130.90,127.45,130.53,130.53
20-04-22,22610000,131.28,131.92,127.89,128.25,128.25
21-04-22,30158000,129.35,130.31,124.65,124.94,124.94
22-04-22,46410000,125.00,125.45,119.14,119.61,119.61
25-04-22,34522000,119.43,123.28,118.77,123.25,123.25
26-04-22,49394000,122.75,122.75,119.16,119.51,119.51
27-04-22,62238000,114.37,117.50,113.12,115.02,115.02
28-04-22,36790000,117.11,120.44,115.14,119.41,119.41
29-04-22,33694000,117.58,118.96,114.69,114.97,114.97
02-05-22,30280000,113.91,117.34,113.40,117.16,117.16
03-05-22,21216000,116.76,119.30,116.63,118.13,118.13
04-05-22,33232000,118.00,123.14,115.74,122.57,122.57
05-05-22,43090000,120.22,121.23,115.18,116.75,116.75
06-05-22,35310000,115.52,117.50,114.14,115.66,115.66
09-05-22,34520000,113.30,115.56,112.55,113.08,113.08
10-05-22,31158000,116.04,116.69,113.38,114.58,114.58
11-05-22,36502000,113.71,116.67,113.65,113.96,113.96
12-05-22,41464000,111.94,114.86,110.11,113.16,113.16
13-05-22,29738000,114.85,118.08,114.00,116.52,116.52
16-05-22,23282000,115.38,116.61,114.33,114.79,114.79
17-05-22,21576000,117.23,117.23,115.34,116.70,116.70
18-05-22,27982000,115.24,115.70,112.14,112.40,112.40
19-05-22,29192000,111.84,113.59,110.47,110.75,110.75
20-05-22,37586000,112.09,112.55,106.37,109.31,109.31
23-05-22,31558000,110.10,112.01,109.15,111.67,111.67
24-05-22,60386000,106.38,106.39,102.21,105.93,105.93
25-05-22,37900000,105.14,106.54,104.21,105.84,105.84
26-05-22,30288000,106.05,108.96,105.49,108.30,108.30
27-05-22,29924000,109.79,112.87,109.55,112.80,112.80
31-05-22,51302000,113.08,116.43,112.57,114.04,114.04
01-06-22,28630000,114.93,117.40,113.55,114.14,114.14
02-06-22,27472000,114.19,117.90,113.31,117.75,117.75
03-06-22,25052000,115.99,116.36,113.67,114.56,114.56
06-06-22,23786000,116.74,119.40,116.53,117.01,117.01
07-06-22,26414000,115.65,117.75,115.13,117.23,117.23
08-06-22,22544000,116.88,118.65,116.70,117.24,117.24
09-06-22,23142000,116.34,118.35,114.87,114.92,114.92
10-06-22,31324000,112.78,113.50,110.86,111.43,111.43
13-06-22,36756000,107.45,109.22,106.59,106.88,106.88
14-06-22,25480000,106.89,108.46,106.35,107.19,107.19
15-06-22,33192000,108.90,112.06,108.12,110.39,110.39
16-06-22,35314000,108.15,109.29,105.79,106.64,106.64
17-06-22,43516000,106.54,109.25,105.63,107.87,107.87
21-06-22,39010000,109.70,112.67,109.29,112.01,112.01
22-06-22,23922000,111.16,113.77,110.72,112.03,112.03
23-06-22,24710000,112.95,113.20,111.03,112.68,112.68
24-06-22,39122000,113.60,118.64,113.60,118.54,118.54
27-06-22,32840000,118.93,119.25,116.00,116.62,116.62
28-06-22,28232000,116.35,117.86,112.44,112.57,112.57
29-06-22,18628000,112.15,113.66,111.55,112.26,112.26
30-06-22,38046000,110.50,111.33,107.31,109.37,109.37
01-07-22,31028000,108.34,109.81,107.11,109.08,109.08
05-07-22,36398000,107.51,114.05,106.25,113.89,113.89
06-07-22,28852000,114.09,116.35,112.25,115.21,115.21
07-07-22,32184000,116.01,119.86,115.53,119.31,119.31
08-07-22,29082000,117.55,120.43,117.51,120.17,120.17
11-07-22,26718000,118.65,118.79,116.23,116.52,116.52
12-07-22,24970000,116.84,117.85,114.61,114.85,114.85
13-07-22,38958000,112.64,115.16,111.82,112.19,112.19
14-07-22,32366000,110.83,111.99,109.33,111.44,111.44
15-07-22,34330000,112.96,114.00,111.82,112.77,112.77
18-07-22,33354000,113.44,114.80,109.30,109.91,109.91
19-07-22,30992300,111.73,114.81,110.50,114.62,114.62
20-07-22,26780100,114.06,116.33,113.26,114.70,114.70
21-07-22,27267800,115.09,115.21,111.91,115.04,115.04
22-07-22,44455300,111.81,113.18,107.60,108.36,108.36
25-07-22,28289900,108.88,110.58,107.01,108.21,108.21
26-07-22,36626600,107.43,107.74,104.76,105.44,105.44
27-07-22,41474600,109.60,114.40,108.42,113.60,113.60
28-07-22,23303800,112.80,114.70,111.85,114.59,114.59
29-07-22,31336200,113.40,116.90,113.23,116.64,116.64
01-08-22,22856200,115.53,117.12,114.69,115.48,115.48
02-08-22,17911000,114.43,117.08,114.26,115.90,115.90
03-08-22,25302800,116.34,119.42,116.15,118.78,118.78
04-08-22,15757700,118.30,119.50,117.71,118.87,118.87
05-08-22,15615700,116.93,118.86,116.71,118.22,118.22
08-08-22,17061100,119.12,120.86,117.83,118.14,118.14
09-08-22,15424300,117.99,118.20,116.56,117.50,117.50
10-08-22,20497000,119.59,121.78,119.36,120.65,120.65
11-08-22,16671600,122.08,122.34,119.55,119.82,119.82
12-08-22,16121100,121.16,122.65,120.40,122.65,122.65
15-08-22,15525000,122.21,123.26,121.57,122.88,122.88
16-08-22,15626200,122.32,123.23,121.54,122.51,122.51
17-08-22,17589200,120.93,122.15,120.20,120.32,120.32
18-08-22,15652000,120.23,121.69,119.55,120.86,120.86
19-08-22,20187000,119.87,120.00,117.67,118.12,118.12
22-08-22,19316000,116.10,116.50,114.67,115.07,115.07
23-08-22,14390700,114.32,115.93,114.30,114.77,114.77
24-08-22,16051200,114.45,115.72,113.78,114.70,114.70
25-08-22,14874700,115.15,117.78,115.05,117.70,117.70
26-08-22,31698700,115.81,116.60,111.22,111.30,111.30
29-08-22,20386100,110.78,111.96,109.81,110.34,110.34
30-08-22,20548200,111.03,111.37,108.80,109.91,109.91
31-08-22,25898000,111.63,111.77,109.05,109.15,109.15
01-09-22,22784400,109.20,111.22,108.19,110.55,110.55
02-09-22,20618100,111.34,111.68,108.13,108.68,108.68
06-09-22,20565100,108.14,108.88,106.51,107.48,107.48
07-09-22,22987200,107.76,110.99,107.61,110.48,110.48
08-09-22,21660700,109.18,110.58,108.06,109.42,109.42
09-09-22,21732900,110.05,112.00,110.00,111.78,111.78
12-09-22,19732900,111.99,112.64,110.93,111.87,111.87
13-09-22,33015000,108.89,109.37,105.00,105.31,105.31
14-09-22,22115800,105.44,106.10,104.50,105.87,105.87
15-09-22,26494900,105.01,106.21,103.31,103.90,103.90
16-09-22,64540100,102.97,104.03,101.86,103.63,103.63
19-09-22,19738600,102.54,104.02,102.37,103.85,103.85
20-09-22,24001700,102.88,103.17,101.12,101.83,101.83
21-09-22,26596800,102.24,103.49,99.99,100.01,100.01
22-09-22,21272700,99.45,101.68,99.41,100.57,100.57
23-09-22,25657000,100.06,100.11,98.01,99.17,99.17
26-09-22,22437900,98.61,100.44,98.38,98.81,98.81
27-09-22,24225000,99.91,100.46,97.34,98.09,98.09
28-09-22,24617000,98.02,101.40,97.80,100.74,100.74
29-09-22,21921500,99.30,99.30,96.52,98.09,98.09
30-09-22,26277800,97.73,99.49,96.03,96.15,96.15
03-10-22,24840000,97.22,99.97,97.02,99.30,99.30
04-10-22,22580900,101.04,102.72,101.04,102.41,102.41
05-10-22,18475500,100.69,102.74,99.74,102.22,102.22
06-10-22,17156200,101.50,103.73,101.50,102.24,102.24
07-10-22,24249900,100.65,101.42,99.21,99.57,99.57
10-10-22,16529900,99.85,99.99,97.87,98.71,98.71
11-10-22,21617700,98.25,100.12,97.25,98.05,98.05
12-10-22,17343400,98.27,99.65,97.67,98.30,98.30
13-10-22,32812200,95.93,100.53,95.27,99.71,99.71
14-10-22,22624800,100.63,101.29,97.03,97.18,97.18
17-10-22,23311600,99.52,101.77,99.51,100.78,100.78
18-10-22,21610500,103.94,104.22,100.65,101.39,101.39
19-10-22,21573700,100.70,101.66,99.64,100.29,100.29
20-10-22,25125100,100.82,103.00,99.97,100.53,100.53
21-10-22,28988700,98.46,101.62,98.23,101.48,101.48
24-10-22,24680800,102.09,103.10,100.30,102.97,102.97
25-10-22,29910200,103.30,105.10,103.02,104.93,104.93
26-10-22,71504300,96.76,98.54,94.57,94.82,94.82
27-10-22,54036500,94.31,95.17,91.90,92.60,92.60
28-10-22,35696900,92.53,96.86,92.32,96.58,96.58
31-10-22,29868700,95.78,96.35,94.38,94.66,94.66
01-11-22,43220600,95.59,96.17,90.43,90.50,90.50
02-11-22,43553600,90.91,91.30,87.01,87.07,87.07
03-11-22,48510400,86.35,86.55,83.45,83.49,83.49
04-11-22,40173300,85.51,86.73,83.88,86.70,86.70
07-11-22,26899900,87.34,88.94,86.96,88.65,88.65
08-11-22,30172000,89.16,90.40,87.65,88.91,88.91
09-11-22,26743900,88.54,89.49,87.36,87.40,87.40
10-11-22,42371200,92.34,94.55,91.65,94.17,94.17
11-11-22,30569100,94.71,97.36,94.16,96.73,96.73
14-11-22,24170100,95.50,97.18,95.11,96.03,96.03
15-11-22,31831000,98.67,100.42,97.02,98.72,98.72
16-11-22,24660200,98.02,99.85,97.90,98.99,98.99
17-11-22,21818700,97.18,99.48,97.10,98.50,98.50
18-11-22,24969900,99.01,99.16,96.74,97.80,97.80
21-11-22,18696900,97.56,98.72,95.67,95.83,95.83
22-11-22,18868900,96.16,97.55,94.41,97.33,97.33
23-11-22,17568900,97.34,99.07,97.34,98.82,98.82
25-11-22,8567800,98.46,98.94,97.53,97.60,97.60
28-11-22,19974500,97.20,97.83,95.89,96.25,96.25
29-11-22,20220000,96.00,96.39,94.39,95.44,95.44
30-11-22,39888100,95.12,101.45,94.67,101.45,101.45
01-12-22,21771500,101.40,102.59,100.67,101.28,101.28
02-12-22,18821500,99.37,101.15,99.17,100.83,100.83
05-12-22,19955500,99.82,101.75,99.36,99.87,99.87
06-12-22,20877600,99.67,100.21,96.76,97.31,97.31
07-12-22,26647900,96.77,97.31,95.03,95.15,95.15
08-12-22,25593200,95.69,95.87,93.80,93.95,93.95
09-12-22,21885300,93.90,94.49,93.02,93.07,93.07
12-12-22,27380900,93.09,93.88,91.90,93.56,93.56
13-12-22,34788500,98.07,99.80,95.38,95.85,95.85
14-12-22,26452900,95.54,97.22,93.94,95.31,95.31
15-12-22,28298800,93.54,94.03,90.43,91.20,91.20
16-12-22,48485500,91.20,91.75,90.01,90.86,90.86
19-12-22,23020500,90.88,91.20,88.93,89.15,89.15
20-12-22,21976800,88.73,89.78,88.04,89.63,89.63
21-12-22,20336400,89.73,90.92,88.91,90.25,90.25
22-12-22,23656100,88.93,89.18,86.94,88.26,88.26
23-12-22,17815000,87.62,90.10,87.62,89.81,89.81
27-12-22,15470900,89.31,89.50,87.54,87.93,87.93
28-12-22,17879600,87.50,88.52,86.37,86.46,86.46
29-12-22,18280700,87.03,89.36,86.99,88.95,88.95
30-12-22,19190300,87.36,88.83,87.03,88.73,88.73
03-01-23,20738500,89.83,91.55,89.02,89.70,89.70
04-01-23,27046500,91.01,91.24,87.80,88.71,88.71
05-01-23,23136100,88.07,88.21,86.56,86.77,86.77
06-01-23,26612600,87.36,88.47,85.57,88.16,88.16
09-01-23,22996700,89.20,90.83,88.58,88.80,88.80
10-01-23,22855600,86.72,89.47,86.70,89.24,89.24
11-01-23,25998800,90.06,92.45,89.74,92.26,92.26
12-01-23,22754200,92.40,92.62,90.57,91.91,91.91
13-01-23,18630700,91.53,92.98,90.93,92.80,92.80
17-01-23,22935800,92.78,92.97,90.84,92.16,92.16
18-01-23,19641600,92.94,93.59,91.40,91.78,91.78
19-01-23,28707700,91.39,94.40,91.38,93.91,93.91
20-01-23,53704800,95.95,99.42,95.91,99.28,99.28
23-01-23,31791800,99.13,101.40,98.75,101.21,101.21
24-01-23,27391400,99.55,101.09,98.70,99.21,99.21
25-01-23,31000900,97.20,97.72,95.26,96.73,96.73
26-01-23,24542100,98.28,99.21,96.82,99.16,99.16
27-01-23,29020400,99.05,101.58,98.97,100.71,100.71
30-01-23,24365100,98.75,99.41,97.52,97.95,97.95
31-01-23,22306800,97.86,99.91,97.79,99.87,99.87
01-02-23,26392600,99.74,102.19,98.42,101.43,101.43
02-02-23,46622600,106.79,108.82,106.54,108.80,108.80
03-02-23,36823400,103.51,108.02,103.30,105.22,105.22
06-02-23,25573000,102.68,104.70,102.21,103.47,103.47
07-02-23,33738800,103.63,108.67,103.55,108.04,108.04
08-02-23,73546000,102.69,103.58,98.46,100.00,100.00
09-02-23,97798600,100.54,100.61,93.86,95.46,95.46
10-02-23,49325300,95.74,97.02,94.53,94.86,94.86
13-02-23,43116600,95.01,95.35,94.05,95.00,95.00
14-02-23,42513100,94.66,95.18,92.65,94.95,94.95
15-02-23,36964500,94.74,97.34,94.36,97.10,97.10
16-02-23,35642100,95.54,97.88,94.97,95.78,95.78
17-02-23,31095100,95.07,95.75,93.45,94.59,94.59
21-02-23,28367200,93.24,93.42,92.00,92.05,92.05
22-02-23,29891100,91.93,92.36,90.87,91.80,91.80
23-02-23,32423700,92.13,92.13,90.01,91.07,91.07
24-02-23,31295600,89.63,90.13,88.86,89.35,89.35
27-02-23,22724300,90.09,90.45,89.61,90.10,90.10
28-02-23,30546900,89.54,91.45,89.52,90.30,90.30
01-03-23,26323900,90.16,91.20,89.85,90.51,90.51
02-03-23,23328600,89.86,92.48,89.77,92.31,92.31
03-03-23,30242500,92.74,94.11,92.66,94.02,94.02
06-03-23,28288200,94.36,96.30,94.30,95.58,95.58
07-03-23,24101500,95.42,96.09,93.84,94.17,94.17
08-03-23,25395200,94.40,96.24,94.40,94.65,94.65
09-03-23,24438900,94.49,95.92,92.36,92.66,92.66
10-03-23,32850100,92.50,93.18,90.80,91.01,91.01
13-03-23,31508600,90.57,93.08,89.94,91.66,91.66
14-03-23,32303900,93.07,94.83,92.78,94.25,94.25
15-03-23,38367300,93.54,97.25,93.04,96.55,96.55
16-03-23,54499500,96.57,101.97,95.87,101.07,101.07
17-03-23,76140300,100.84,103.49,100.75,102.46,102.46
20-03-23,26033900,101.06,102.58,100.79,101.93,101.93
21-03-23,33122800,101.98,105.96,101.86,105.84,105.84
22-03-23,32336900,105.14,107.51,104.21,104.22,104.22
23-03-23,31385800,105.89,107.10,105.41,106.26,106.26
24-03-23,25236200,105.74,106.16,104.74,106.06,106.06
27-03-23,25393400,105.32,105.40,102.63,103.06,103.06
28-03-23,24913500,103.00,103.00,100.28,101.36,101.36
29-03-23,26148300,102.72,102.82,101.03,101.90,101.90
30-03-23,25009800,101.44,101.61,100.29,101.32,101.32
31-03-23,28108000,101.71,104.19,101.44,104.00,104.00
03-04-23,20719900,102.67,104.95,102.38,104.91,104.91
04-04-23,20377200,104.84,106.10,104.60,105.12,105.12
05-04-23,21864200,106.12,106.54,104.10,104.95,104.95
06-04-23,34684200,105.77,109.63,104.82,108.90,108.90
10-04-23,19741500,107.39,107.97,105.60,106.95,106.95
11-04-23,18721300,106.92,107.22,105.28,106.12,106.12
12-04-23,22761600,107.39,107.59,104.97,105.22,105.22
13-04-23,21650700,106.47,108.26,106.44,108.19,108.19
14-04-23,20758700,107.69,109.58,107.59,109.46,109.46
17-04-23,29043400,105.43,106.71,105.32,106.42,106.42
18-04-23,17641400,107.00,107.05,104.78,105.12,105.12
19-04-23,16732000,104.21,105.72,103.80,105.02,105.02
20-04-23,22515300,104.65,106.89,104.64,105.90,105.90
21-04-23,22379000,106.09,106.64,105.49,105.91,105.91
24-04-23,21410900,106.05,107.32,105.36,106.78,106.78
25-04-23,31408100,106.61,107.44,104.56,104.61,104.61
26-04-23,37068200,105.56,107.02,103.27,104.45,104.45
27-04-23,38235200,105.23,109.15,104.42,108.37,108.37
28-04-23,23957900,107.80,108.29,106.04,108.22,108.22
01-05-23,20926300,107.72,108.68,107.50,107.71,107.71
02-05-23,20343100,107.66,107.73,104.50,105.98,105.98
03-05-23,17116300,106.22,108.13,105.62,106.12,106.12
04-05-23,19780600,106.16,106.30,104.70,105.21,105.21
05-05-23,20705300,105.32,106.44,104.74,106.21,106.21
08-05-23,17266000,105.79,108.42,105.79,108.24,108.24
09-05-23,24782400,108.78,110.60,107.72,107.94,107.94
10-05-23,47533500,108.55,113.51,108.48,112.28,112.28
11-05-23,57115100,115.86,118.44,114.93,116.90,116.90
12-05-23,31272500,117.00,118.26,116.55,117.92,117.92
15-05-23,22107900,116.49,118.79,116.48,116.96,116.96
16-05-23,32370100,116.83,121.20,116.83,120.09,120.09
17-05-23,26659600,120.18,122.28,119.46,121.48,121.48
18-05-23,27014500,121.56,123.90,121.49,123.52,123.52
19-05-23,30251300,124.20,126.48,122.72,123.25,123.25
22-05-23,29760200,123.51,127.05,123.45,125.87,125.87
23-05-23,24477900,124.93,125.42,123.05,123.29,123.29
24-05-23,23087900,121.88,122.75,120.75,121.64,121.64
25-05-23,33812700,125.21,125.98,122.90,124.35,124.35
26-05-23,25154700,124.07,126.00,123.29,125.43,125.43
30-05-23,27230700,126.29,126.38,122.89,124.64,124.64
31-05-23,41548800,123.70,124.90,123.10,123.37,123.37
01-06-23,25017700,123.50,125.04,123.30,124.37,124.37
02-06-23,19362400,124.49,126.75,124.35,125.23,125.23
05-06-23,22672500,124.61,127.99,124.38,126.63,126.63
06-06-23,19450100,126.60,128.88,125.97,127.91,127.91
07-06-23,34179300,127.57,129.55,122.63,122.94,122.94
08-06-23,24815000,122.58,123.73,122.01,122.67,122.67
09-06-23,20304500,122.56,124.29,122.42,122.87,122.87
12-06-23,22255700,123.39,124.75,122.35,124.35,124.35
13-06-23,19287700,125.65,125.86,123.85,124.43,124.43
14-06-23,24659600,123.80,124.79,122.16,124.38,124.38
15-06-23,24517100,123.88,126.16,123.14,125.79,125.79
16-06-23,56686800,126.70,126.70,123.79,124.06,124.06
20-06-23,22698000,123.54,125.18,122.83,123.85,123.85
21-06-23,22612000,123.24,123.41,120.86,121.26,121.26
22-06-23,20781900,120.66,123.93,119.60,123.87,123.87
23-06-23,29542900,122.04,123.44,121.86,123.02,123.02
26-06-23,23185000,121.47,122.72,118.99,119.09,119.09
27-06-23,27221700,117.84,119.89,116.91,119.01,119.01
28-06-23,19753100,117.96,121.27,117.60,121.08,121.08
29-06-23,18517500,120.09,120.91,119.21,120.01,120.01
30-06-23,23865800,121.10,122.03,120.88,120.97,120.97
03-07-23,13888300,120.32,121.02,119.71,120.56,120.56
05-07-23,17830300,120.06,123.37,120.06,122.63,122.63
06-07-23,17732500,120.64,121.15,119.25,120.93,120.93
07-07-23,20982400,120.89,121.75,120.09,120.14,120.14
10-07-23,32960100,119.07,119.07,116.64,116.87,116.87
11-07-23,18286600,116.76,118.22,115.83,117.71,117.71
12-07-23,22059600,119.30,120.96,119.00,119.62,119.62
13-07-23,31535900,121.54,125.33,121.06,124.83,124.83
14-07-23,20482800,125.13,127.09,124.90,125.70,125.70
17-07-23,20675300,126.06,127.28,124.50,125.06,125.06
